Series Name,Series Code,Country Name,Country Code,2001 [YR2001],2002 [YR2002],2003 [YR2003],2004 [YR2004],2005 [YR2005],2006 [YR2006],2007 [YR2007],2008 [YR2008],2009 [YR2009],2010 [YR2010],2011 [YR2011],2012 [YR2012],2013 [YR2013],2014 [YR2014],2015 [YR2015],2016 [YR2016],2017 [YR2017],2018 [YR2018],2019 [YR2019],2020 [YR2020]
"Adjusted net enrollment rate, primary (% of primary school age children)",SE.PRM.TENR,Mexico,MEX,99.76405,99.69272,99.64344,99.61885,99.61853,99.74528,99.53468,99.55953,99.80355,99.7295,99.61604,99.56089,99.49125,99.38286,99.3177,99.21367,99.16952,..,..,..
"Adjusted net enrollment rate, primary, female (% of primary school age children)",SE.PRM.TENR.FE,Mexico,MEX,..,..,..,..,..,..,..,..,..,..,..,..,..,..,..,..,..,..,..,..
"Adjusted net enrollment rate, primary, male (% of primary school age children)",SE.PRM.TENR.MA,Mexico,MEX,..,..,..,..,..,..,..,..,..,..,..,..,..,..,..,..,..,..,..,..
Children out of school (% of primary school age),SE.PRM.UNER.ZS,Mexico,MEX,0.110590003430843,0.195539996027946,0.233170002698898,0.268860012292862,0.162229999899864,0.0864500030875206,0.0146199995651841,0.0684499964118004,0.017170000821352,0.139210000634193,0.262970000505447,0.330199986696243,0.403699994087219,0.499220013618469,0.574500024318695,0.654550015926361,0.728760004043579,0.699460029602051,0.792649984359741,..
"Children out of school, primary",SE.PRM.UNER,Mexico,MEX,14999,26525,31635,36460,21959,11664,1966,9196,2309,18757,35529,44730,54731,67610,77591,88053,97717,93645,106131,..
"Children out of school, primary, female",SE.PRM.UNER.FE,Mexico,MEX,..,..,..,..,..,..,..,..,..,..,..,..,..,..,..,..,..,..,..,..
"Children out of school, primary, male",SE.PRM.UNER.MA,Mexico,MEX,..,..,..,..,..,..,..,..,..,..,..,..,..,..,..,..,..,..,..,..
"Educational attainment, at least Bachelor's or equivalent, population 25+, female (%) (cumulative)",SE.TER.CUAT.BA.FE.ZS,Mexico,MEX,..,..,..,..,..,..,..,..,..,11.5771198272705,..,..,12.9674301147461,12.8495397567749,13.6109304428101,13.5079803466797,13.9968204498291,14.8643703460693,..,16.3360195159912
"Educational attainment, at least Bachelor's or equivalent, population 25+, male (%) (cumulative)",SE.TER.CUAT.BA.MA.ZS,Mexico,MEX,..,..,..,..,..,..,..,..,..,14.069390296936,..,..,15.8696603775024,15.2282695770264,16.0893001556396,16.0862808227539,16.9662208557129,17.329870223999,..,18.0011901855469
"Educational attainment, at least Bachelor's or equivalent, population 25+, total (%) (cumulative)",SE.TER.CUAT.BA.ZS,Mexico,MEX,..,..,..,..,..,..,..,..,..,12.7612199783325,..,..,14.3226099014282,13.9571304321289,14.7796497344971,14.7103900909424,15.3742599487305,16.0160598754883,..,17.1284694671631
"Educational attainment, at least completed lower secondary, population 25+, female (%) (cumulative)",SE.SEC.CUAT.LO.FE.ZS,Mexico,MEX,..,..,..,45.2249908447266,45.3649787902832,49.0287094116211,49.1021881103516,50.1750907897949,51.7892913818359,51.2572593688965,..,55.6831588745117,54.8283004760742,56.0910301208496,58.0607986450195,58.4764213562012,60.2905693054199,62.2930183410645,..,65.0514221191406
"Educational attainment, at least completed lower secondary, population 25+, male (%) (cumulative)",SE.SEC.CUAT.LO.MA.ZS,Mexico,MEX,..,..,..,51.0930709838867,50.2348403930664,55.0752487182617,54.986400604248,55.8563995361328,57.3050918579102,55.1082992553711,..,60.6830406188965,58.5334014892578,59.0890502929688,61.1949310302734,61.1272888183594,62.1886901855469,64.3115463256836,..,66.7207107543945
"Educational attainment, at least completed lower secondary, population 25+, total (%) (cumulative)",SE.SEC.CUAT.LO.ZS,Mexico,MEX,..,..,..,47.9557304382324,47.6764907836914,51.797191619873,51.8123016357422,52.8056488037109,54.364559173584,53.0869216918945,..,58.0119209289551,56.5583801269531,57.4869689941406,59.538761138916,59.7126693725586,61.171070098877,63.2359199523926,..,65.845817565918
"Educational attainment, at least completed post-secondary, population 25+, female (%) (cumulative)",SE.SEC.CUAT.PO.FE.ZS,Mexico,MEX,..,..,..,..,..,..,..,..,..,..,..,..,..,..,..,14.0081396102905,14.4947595596313,15.3417596817017,..,18.2847900390625
"Educational attainment, at least completed post-secondary, population 25+, male (%) (cumulative)",SE.SEC.CUAT.PO.MA.ZS,Mexico,MEX,..,..,..,..,..,..,..,..,..,..,..,..,..,..,..,16.463550567627,17.358699798584,17.7133598327637,..,19.3074398040771
"Educational attainment, at least completed post-secondary, population 25+, total (%) (cumulative)",SE.SEC.CUAT.PO.ZS,Mexico,MEX,..,..,..,..,..,..,..,..,..,..,..,..,..,..,..,15.1532297134399,15.8232803344727,16.4495906829834,..,18.7714595794678
"Educational attainment, at least completed primary, population 25+ years, female (%) (cumulative)",SE.PRM.CUAT.FE.ZS,Mexico,MEX,..,..,..,65.5550689697266,69.1048583984375,68.4678192138672,69.8880081176758,70.8418502807617,72.7437133789063,73.2645568847656,..,75.7189483642578,76.9667663574219,77.6536407470703,78.0581665039063,79.1603775024414,80.6090316772461,81.837158203125,..,82.7016906738281
"Educational attainment, at least completed primary, population 25+ years, male (%) (cumulative)",SE.PRM.CUAT.MA.ZS,Mexico,MEX,..,..,..,69.5886611938477,72.8706588745117,73.4613189697266,74.1441879272461,74.8084487915039,76.2946166992188,76.3740310668945,..,78.8608703613281,79.4070587158203,80.0808792114258,80.5418319702148,81.2012634277344,82.3477478027344,83.7985534667969,..,84.3130874633789
"Educational attainment, at least completed primary, population 25+ years, total (%) (cumulative)",SE.PRM.CUAT.ZS,Mexico,MEX,..,..,..,67.4321212768555,70.8923187255859,70.7541580200195,71.8482971191406,72.678466796875,74.4015884399414,74.7418975830078,..,77.1823425292969,78.1062393188477,78.7838134765625,79.2293930053711,80.1121597290039,81.4155807495117,82.7533721923828,..,83.4685516357422
"Educational attainment, at least completed short-cycle tertiary, population 25+, female (%) (cumulative)",SE.TER.CUAT.ST.FE.ZS,Mexico,MEX,..,..,..,10.4169397354126,10.6293601989746,12.4973297119141,11.9819097518921,12.1940898895264,13.1977796554565,13.5404396057129,..,14.3412599563599,13.5117998123169,13.375280380249,15.3914604187012,14.0081396102905,14.4947595596313,15.3417596817017,..,18.2847900390625
"Educational attainment, at least completed short-cycle tertiary, population 25+, male (%) (cumulative)",SE.TER.CUAT.ST.MA.ZS,Mexico,MEX,..,..,..,14.9794101715088,13.7441596984863,17.7718391418457,17.3344993591309,17.0933094024658,18.0833396911621,15.3998098373413,..,18.5739593505859,16.2209205627441,15.6446199417114,17.2598705291748,16.463550567627,17.358699798584,17.7133598327637,..,19.3074398040771
"Educational attainment, at least completed short-cycle tertiary, population 25+, total (%) (cumulative)",SE.TER.CUAT.ST.ZS,Mexico,MEX,..,..,..,12.5401096343994,12.1078195571899,14.9123296737671,14.4471797943115,14.4625301361084,15.4787902832031,14.4238395690918,..,16.3126907348633,14.7768001556396,14.4319295883179,16.2725505828857,15.1532297134399,15.8232803344727,16.4495906829834,..,18.7714595794678
"Educational attainment, at least completed upper secondary, population 25+, female (%) (cumulative)",SE.SEC.CUAT.UP.FE.ZS,Mexico,MEX,..,..,..,19.0862503051758,24.2976703643799,28.3331909179688,28.244779586792,28.5378303527832,29.3842506408691,28.1100196838379,..,32.1964797973633,30.6377296447754,31.0507907867432,32.1521186828613,32.2988395690918,33.0895004272461,34.802661895752,..,37.7149085998535
"Educational attainment, at least completed upper secondary, population 25+, male (%) (cumulative)",SE.SEC.CUAT.UP.MA.ZS,Mexico,MEX,..,..,..,26.2317409515381,27.6284503936768,32.5430908203125,32.5018196105957,32.4419212341309,33.5951309204102,30.413480758667,..,35.6339111328125,32.7626190185547,32.6592483520508,34.6842918395996,34.4342193603516,35.2873916625977,36.6265411376953,..,39.4919090270996
"Educational attainment, at least completed upper secondary, population 25+, total (%) (cumulative)",SE.SEC.CUAT.UP.ZS,Mexico,MEX,..,..,..,22.4114398956299,25.8786392211914,30.2607498168945,30.2054595947266,30.3455104827881,31.350269317627,29.2044105529785,..,33.7975082397461,31.6299304962158,31.7997303009033,33.3462181091309,33.2946891784668,34.1090507507324,35.6546287536621,..,38.5605812072754
"Educational attainment, at least Master's or equivalent, population 25+, female (%) (cumulative)",SE.TER.CUAT.MS.FE.ZS,Mexico,MEX,..,..,..,..,..,..,..,..,..,1.08773994445801,..,..,1.03393995761871,1.04288005828857,1.76868999004364,1.25950002670288,1.30201005935669,1.36927998065948,..,2.25692009925842
"Educational attainment, at least Master's or equivalent, population 25+, male (%) (cumulative)",SE.TER.CUAT.MS.MA.ZS,Mexico,MEX,..,..,..,..,..,..,..,..,..,1.55809998512268,..,..,1.56696999073029,1.47555994987488,2.4452600479126,1.55095994472504,1.60555994510651,1.67630004882813,..,2.6702299118042
"Educational attainment, at least Master's or equivalent, population 25+, total (%) (cumulative)",SE.TER.CUAT.MS.ZS,Mexico,MEX,..,..,..,..,..,..,..,..,..,1.31121003627777,..,..,1.28282999992371,1.24433994293213,2.08773994445801,1.3954199552536,1.44281995296478,1.51269996166229,..,2.45360994338989
"Educational attainment, Doctoral or equivalent, population 25+, female (%) (cumulative)",SE.TER.CUAT.DO.FE.ZS,Mexico,MEX,..,..,..,..,..,..,..,..,..,0.0989099964499474,..,..,0.0553499981760979,0.0442100018262863,0.166989997029305,0.0543499998748302,0.0550099983811378,0.0579699985682964,..,0.257959991693497
"Educational attainment, Doctoral or equivalent, population 25+, male (%) (cumulative)",SE.TER.CUAT.DO.MA.ZS,Mexico,MEX,..,..,..,..,..,..,..,..,..,0.191029995679855,..,..,0.118919998407364,0.129690006375313,0.289539992809296,0.101329997181892,0.102009996771812,0.111489996314049,..,0.375669986009598
"Educational attainment, Doctoral or equivalent, population 25+, total (%) (cumulative)",SE.TER.CUAT.DO.ZS,Mexico,MEX,..,..,..,..,..,..,..,..,..,0.142680004239082,..,..,0.0850400030612946,0.0840200036764145,0.224769994616508,0.0762600004673004,0.0768100023269653,0.0829700008034706,..,0.313980013132095
Expected Years of School,HD.HCI.EYRS,Mexico,MEX,..,..,..,..,..,..,..,..,..,12.2490100860596,..,..,..,..,..,..,12.57,12.8240079879761,..,12.8240079879761
"Expected Years of School, Female",HD.HCI.EYRS.FE,Mexico,MEX,..,..,..,..,..,..,..,..,..,12.3774785995483,..,..,..,..,..,..,12.74,12.9787406921387,..,12.9787406921387
"Expected Years of School, Male",HD.HCI.EYRS.MA,Mexico,MEX,..,..,..,..,..,..,..,..,..,12.1245794296265,..,..,..,..,..,..,12.42,12.6747560501099,..,12.6747560501099
Expected years of schooling,SE.SCH.LIFE,Mexico,MEX,12.0269899368286,12.3741703033447,12.6547298431396,12.7470397949219,12.7995195388794,12.9138898849487,13.0322599411011,13.2075796127319,13.2684001922607,13.3992099761963,13.4437599182129,13.7012100219727,13.8719596862793,14.0431499481201,14.1968097686768,14.6375102996826,14.8097801208496,14.8653697967529,14.8644399642944,..
"Expected years of schooling, female",SE.SCH.LIFE.FE,Mexico,MEX,11.9743900299072,12.3415403366089,12.6857004165649,12.7550096511841,12.8092803955078,12.9406604766846,13.0831003189087,13.2889795303345,13.3789901733398,13.5087003707886,13.5628595352173,13.8038501739502,13.9540300369263,14.144359588623,14.3462495803833,14.8397598266602,15.0402698516846,15.1588897705078,15.212010383606,..
"Expected years of schooling, male",SE.SCH.LIFE.MA,Mexico,MEX,12.0811500549316,12.4067602157593,12.6203699111938,12.7379999160767,12.7880802154541,12.8849601745605,12.9793100357056,13.1237297058105,13.1558399200439,13.2882099151611,13.3201704025269,13.5967197418213,13.787670135498,13.9386396408081,14.0420799255371,14.4302797317505,14.576000213623,14.5681104660034,14.514030456543,..
Female primary school age children out-of-school (%),SE.LPV.PRIM.OOS.FE,Mexico,MEX,..,..,..,..,..,3.24884033203125,..,..,..,..,..,..,0.0936813354492188,..,..,..,..,..,..,..
Female pupils below minimum reading proficiency at end of primary (%). Low GAML threshold,SE.LPV.PRIM.BMP.FE,Mexico,MEX,..,..,..,..,..,42.6038551330566,..,..,..,..,..,..,39.6065521240234,..,..,..,..,..,..,..
"Female share of graduates in Agriculture, Forestry, Fisheries and Veterinary programmes, tertiary (%)",SE.TER.GRAD.FE.AG.ZS,Mexico,MEX,41.328,28.58733,26.27107,..,32.68286,33.52055,33.208,34.05678,35.24652,35.35771,35.76928,35.88974,36.11435,36.34598,37.00437,33.79253,36.78389,..,..,..
"Female share of graduates in Arts and Humanities programmes, tertiary (%)",SE.TER.GRAD.FE.HU.ZS,Mexico,MEX,57.54728,58.33333,60.33076,..,58.28947,59.05089,58.48273,58.79302,59.17851,58.59045,59.32974,58.05488,58.2542,58.39254,58.0376,58.33058,57.9942,..,..,..
"Female share of graduates in Business, Administration and Law programmes, tertiary (%)",UIS.FGP.5T8.F400,Mexico,MEX,54.01821,54.99158,55.27064,..,56.01159,55.96739,55.91294,56.07441,55.82243,56.41759,56.57579,56.31222,55.97375,56.2024,55.92172,55.39734,55.1421,..,..,..
"Female share of graduates in Education programmes, tertiary (%)",SE.TER.GRAD.FE.ED.ZS,Mexico,MEX,66.02351,65.41934,67.48757,..,84.88903,71.00951,71.08365,72.26621,72.02828,72.90465,72.35958,72.17196,72.25153,71.96217,71.99415,72.59634,71.40681,..,..,..
"Female share of graduates in Engineering, Manufacturing and Construction programmes, tertiary (%)",SE.TER.GRAD.FE.EN.ZS,Mexico,MEX,23.77034,24.80459,28.00393,..,26.74388,27.36082,28.05734,28.11554,28.54193,28.26506,28.67655,..,28.5495,27.86407,28.30545,28.39103,28.46802,..,..,..
"Female share of graduates in Health and Welfare programmes, tertiary (%)",SE.TER.GRAD.FE.HL.ZS,Mexico,MEX,62.55847,62.56306,66.69315,..,63.70627,63.90546,61.90999,65.42324,63.96811,65.51482,66.3496,66.30451,66.64121,66.25508,67.21816,68.00464,68.16055,..,..,..
"Female share of graduates in Information and Communication Technologies programmes, tertiary (%)",UIS.FGP.5T8.F600,Mexico,MEX,42.96101,42.84786,42.42819,..,39.33275,39.99311,39.31576,38.44281,36.86807,41.96137,40.19761,39.22306,39.29053,37.43118,35.45763,32.17901,28.43665,..,..,..
"Female share of graduates in Natural Sciences, Mathematics and Statistics programmes, tertiary (%)",SE.TER.GRAD.FE.SC.ZS,Mexico,MEX,52.91205,53.15559,50.05213,..,52.97739,53.84304,52.05828,53.55546,54.66345,53.54119,52.79591,53.2792,51.73929,52.56059,52.58311,52.48971,51.13955,..,..,..
"Female share of graduates in other fields than Science, Technology, Engineering and Mathematics programmes, tertiary (%)",UIS.FGP.5T8.FNON500600700,Mexico,MEX,58.5233,58.66348,59.07474,..,62.75999,61.15211,61.01581,61.61336,61.47958,61.73235,61.68209,..,61.14024,61.03097,61.1042,61.2233,61.18891,..,..,..
"Female share of graduates in Services programmes, tertiary (%)",SE.TER.GRAD.FE.SV.ZS,Mexico,MEX,48.02306,49.79985,24.83487,..,63.15014,63.62329,61.29131,63.10505,60.87959,26.66956,24.12877,..,28.00181,28.67847,30.70161,29.76977,49.97527,..,..,..
"Female share of graduates in Social Sciences, Journalism and Information programmes, tertiary (%)",SE.TER.GRAD.FE.SS.ZS,Mexico,MEX,63.58183,64.99192,58.98529,..,68.00034,68.54726,68.83512,67.96646,68.85895,70.33489,69.80048,69.47992,69.20655,68.94875,69.72249,70.01189,70.40462,..,..,..
"Female share of graduates in unknown or unspecified fields, tertiary (%)",SE.TER.GRAD.FE.OT.ZS,Mexico,MEX,..,45.08929,..,..,55.82757,49.63119,58.88928,57.61117,61.89944,69.29548,0,39.03743,..,..,..,..,51.5748,..,..,..
"Government expenditure on education, total (% of GDP)",SE.XPD.TOTL.GD.ZS,Mexico,MEX,4.24104022979736,4.45495986938477,5.07257986068726,4.72670984268188,4.84568977355957,4.69992017745972,4.69050979614258,4.82006978988647,5.18794012069702,5.15922021865845,5.10564994812012,5.10309982299805,4.69605016708374,5.25747013092041,5.22942018508911,4.90681982040405,4.51821994781494,4.25442981719971,..,..
"Government expenditure per student, primary (% of GDP per capita)",SE.XPD.PRIM.PC.ZS,Mexico,MEX,11.37896,11.95263,13.82544,13.36951,13.65558,13.44618,13.38607,13.52084,14.21869,14.20939,14.04204,13.90573,14.2666,14.25357,14.4207,13.78185,..,..,..,..
"Government expenditure per student, secondary (% of GDP per capita)",SE.XPD.SECO.PC.ZS,Mexico,MEX,15.64125,13.42251,14.97844,14.02877,14.71323,13.83766,13.57756,13.40078,15.38007,15.24485,15.30209,15.32661,15.53822,15.39478,15.20393,14.42638,..,..,..,..
"Gross graduation ratio, primary, female (%)",SE.PRM.CMPL.FE.ZS,Mexico,MEX,..,..,..,..,..,..,..,..,..,..,..,..,103.52988,110.55912,104.8589,103.83351,102.9664,..,..,..
"Gross graduation ratio, primary, male (%)",SE.PRM.CMPL.MA.ZS,Mexico,MEX,..,..,..,..,..,..,..,..,..,..,..,..,102.84838,109.91752,104.56396,103.75644,102.24519,..,..,..
"Gross graduation ratio, primary, total (%)",SE.PRM.CMPL.ZS,Mexico,MEX,..,..,..,..,..,..,..,..,..,..,..,..,103.18401,110.23317,104.70887,103.79427,102.59879,..,..,..
"Gross graduation ratio, tertiary, female (%)",SE.TER.CMPL.FE.ZS,Mexico,MEX,16.2016201019287,..,15.4547700881958,..,17.7825107574463,18.8899993896484,18.9116096496582,18.5302295684814,19.729320526123,20.1994590759277,21.1597194671631,..,22.636999130249,22.9377899169922,23.830099105835,28.5473003387451,29.8073902130127,..,..,..
"Gross graduation ratio, tertiary, male (%)",SE.TER.CMPL.MA.ZS,Mexico,MEX,15.5703401565552,..,14.0960502624512,..,14.3869104385376,16.1175994873047,16.1949691772461,15.5973100662231,16.7129402160645,16.92919921875,18.1443099975586,..,19.6170196533203,19.9656200408936,20.3373394012451,23.9446296691895,25.2055892944336,..,..,..
"Gross graduation ratio, tertiary, total (%)",SE.TER.CMPL.ZS,Mexico,MEX,15.8955001831055,..,14.791410446167,..,16.1233196258545,17.5357894897461,17.5851898193359,17.097469329834,18.2548198699951,18.5964107513428,19.6745891571045,..,21.1334400177002,21.450590133667,22.0767097473145,26.2339992523193,27.4951400756836,..,..,..
"Gross intake ratio in first grade of primary education, total (% of relevant age group)",SE.PRM.GINT.ZS,Mexico,MEX,109.17285,108.25716,107.1684,104.32153,105.02803,105.01005,111.6418,114.35324,114.32104,106.96526,105.34747,104.4087,104.17258,105.19614,106.12234,105.24902,104.68476,..,..,..
Harmonized Test Scores,HD.HCI.HLOS,Mexico,MEX,..,..,..,..,..,..,..,..,..,433.905700683594,..,..,..,..,..,..,430,429.504302978516,..,430.065124511719
"Harmonized Test Scores, Female",HD.HCI.HLOS.FE,Mexico,MEX,..,..,..,..,..,..,..,..,..,434.536590576172,..,..,..,..,..,..,429,429.409393310547,..,428.293548583984
"Harmonized Test Scores, Male",HD.HCI.HLOS.MA,Mexico,MEX,..,..,..,..,..,..,..,..,..,433.259490966797,..,..,..,..,..,..,430,429.596588134766,..,431.987701416016
Human Capital Index (HCI) (scale 0-1),HD.HCI.OVRL,Mexico,MEX,..,..,..,..,..,..,..,..,..,0.589118778705597,..,..,..,..,..,..,0.607,0.611657083034515,..,0.612949848175049
"Human Capital Index (HCI), Female (scale 0-1)",HD.HCI.OVRL.FE,Mexico,MEX,..,..,..,..,..,..,..,..,..,0.604089438915253,..,..,..,..,..,..,0.62,0.627252817153931,..,0.626666724681854
"Human Capital Index (HCI), Female, Lower Bound (scale 0-1)",HD.HCI.OVRL.LB.FE,Mexico,MEX,..,..,..,..,..,..,..,..,..,0.597983777523041,..,..,..,..,..,..,0.611,0.617644846439362,..,0.616269826889038
"Human Capital Index (HCI), Female, Upper Bound (scale 0-1)",HD.HCI.OVRL.UB.FE,Mexico,MEX,..,..,..,..,..,..,..,..,..,0.609990060329437,..,..,..,..,..,..,0.628,0.635855913162231,..,0.636344254016876
"Human Capital Index (HCI), Lower Bound (scale 0-1)",HD.HCI.OVRL.LB,Mexico,MEX,..,..,..,..,..,..,..,..,..,0.583891451358795,..,..,..,..,..,..,0.599,0.603793919086456,..,0.604578197002411
"Human Capital Index (HCI), Male (scale 0-1)",HD.HCI.OVRL.MA,Mexico,MEX,..,..,..,..,..,..,..,..,..,0.574441850185394,..,..,..,..,..,..,0.595,0.596356928348541,..,0.599544823169708
"Human Capital Index (HCI), Male, Lower Bound (scale 0-1)",HD.HCI.OVRL.LB.MA,Mexico,MEX,..,..,..,..,..,..,..,..,..,0.568410694599152,..,..,..,..,..,..,0.586,0.586597383022308,..,0.589609205722809
"Human Capital Index (HCI), Male, Upper Bound (scale 0-1)",HD.HCI.OVRL.UB.MA,Mexico,MEX,..,..,..,..,..,..,..,..,..,0.580214262008667,..,..,..,..,..,..,0.603,0.605297267436981,..,0.609278678894043
"Human Capital Index (HCI), Upper Bound (scale 0-1)",HD.HCI.OVRL.UB,Mexico,MEX,..,..,..,..,..,..,..,..,..,0.594111442565918,..,..,..,..,..,..,0.615,0.618947565555573,..,0.621053159236908
Learning poverty: Share of Children at the End-of-Primary age below minimum reading proficiency adjusted by Out-of-School Children (%),SE.LPV.PRIM,Mexico,MEX,..,..,..,..,..,47.6581573486328,..,..,..,..,..,..,43.1625518798828,..,..,..,..,..,..,..
Learning poverty: Share of Female Children at the End-of-Primary age below minimum reading proficiency adjusted by Out-of-School Children (%),SE.LPV.PRIM.FE,Mexico,MEX,..,..,..,..,..,44.468563079834,..,..,..,..,..,..,39.6631278991699,..,..,..,..,..,..,..
Learning poverty: Share of Male Children at the End-of-Primary age below minimum reading proficiency adjusted by Out-of-School Children (%),SE.LPV.PRIM.MA,Mexico,MEX,..,..,..,..,..,50.6727523803711,..,..,..,..,..,..,46.433277130127,..,..,..,..,..,..,..
Learning-Adjusted Years of School,HD.HCI.LAYS,Mexico,MEX,..,..,..,..,..,..,..,..,..,8.50386428833008,..,..,..,..,..,..,8.64,8.81274604797363,..,8.82425403594971
"Learning-Adjusted Years of School, Female",HD.HCI.LAYS.FE,Mexico,MEX,..,..,..,..,..,..,..,..,..,8.60554790496826,..,..,..,..,..,..,8.75,8.91710948944092,..,8.89393711090088
"Learning-Adjusted Years of School, Male",HD.HCI.LAYS.MA,Mexico,MEX,..,..,..,..,..,..,..,..,..,8.40494251251221,..,..,..,..,..,..,8.53,8.71205139160156,..,8.76054191589355
"Literacy rate, adult female (% of females ages 15 and above)",SE.ADT.LITR.FE.ZS,Mexico,MEX,..,88.728630065918,..,89.6310195922852,90.2104110717773,89.8345108032227,91.3555526733398,91.45361328125,92.1162490844727,91.8534164428711,92.3382797241211,93.1792373657227,92.903938293457,93.5913391113281,93.4854965209961,93.9685211181641,94.1657562255859,94.6080474853516,..,94.4951324462891
"Literacy rate, adult male (% of males ages 15 and above)",SE.ADT.LITR.MA.ZS,Mexico,MEX,..,91.997802734375,..,92.4496078491211,93.1904067993164,93.9011993408203,94.4415130615234,94.5921630859375,94.9165725708008,94.3839416503906,94.7827682495117,95.3916320800781,95.1121063232422,95.6204681396484,95.5493316650391,95.8448181152344,95.8723678588867,96.2329025268555,..,96.0587463378906
"Literacy rate, adult total (% of people ages 15 and above)",SE.ADT.LITR.ZS,Mexico,MEX,..,90.2746505737305,..,90.953742980957,91.6302719116211,91.7345199584961,92.7951736450195,92.9255981445313,93.4418792724609,93.0689392089844,93.5199813842773,94.228401184082,93.9628524780273,94.5558776855469,94.472282409668,94.859619140625,94.9727783203125,95.3799133300781,..,95.2478485107422
"Literacy rate, youth (ages 15-24), gender parity index (GPI)",SE.ADT.1524.LT.FM.ZS,Mexico,MEX,..,0.993170022964478,..,1.00092995166779,0.999830007553101,0.995779991149902,0.99915999174118,0.999459981918335,0.997080028057098,1.00118005275726,1.00091004371643,1.00311994552612,1.00075995922089,1.00159001350403,1.00143003463745,1.00182998180389,1.00088000297546,1.00141000747681,..,1.00179004669189
"Literacy rate, youth female (% of females ages 15-24)",SE.ADT.1524.LT.FE.ZS,Mexico,MEX,..,97.2721099853516,..,97.6079330444336,97.6279296875,97.6917190551758,98.1161117553711,98.3564224243164,98.3815994262695,98.4921264648438,98.5066604614258,99.0295715332031,98.6019134521484,99.079460144043,99.0149536132813,99.2072296142578,99.1683731079102,99.3884735107422,..,99.1714172363281
"Literacy rate, youth male (% of males ages 15-24)",SE.ADT.1524.LT.MA.ZS,Mexico,MEX,..,97.9406967163086,..,97.5173034667969,97.6442489624023,98.1061172485352,98.1988830566406,98.4097137451172,98.6700286865234,98.3755722045898,98.4165573120117,98.7203674316406,98.5268402099609,98.9222106933594,98.8735198974609,99.0259170532227,99.081298828125,99.2486419677734,..,98.9936370849609
"Literacy rate, youth total (% of people ages 15-24)",SE.ADT.1524.LT.ZS,Mexico,MEX,..,97.6045837402344,..,97.5644378662109,97.6358413696289,97.8956604003906,98.1560897827148,98.3823013305664,98.524658203125,98.4345169067383,98.4617691040039,98.8754196166992,98.5644989013672,99.0000381469727,98.944709777832,99.1162033081055,99.1246871948242,99.3184509277344,..,99.0824127197266
"Lower secondary completion rate, female (% of relevant age group)",SE.SEC.CMPT.LO.FE.ZS,Mexico,MEX,..,75.682243347168,78.7228927612305,81.0946502685547,83.8574523925781,83.719841003418,84.9739685058594,85.6425323486328,86.6086120605469,87.4712066650391,87.3569412231445,86.8255767822266,88.3216018676758,88.5618515014648,94.6297225952148,97.8660583496094,99.1218414306641,93.29638671875,92.5186309814453,..
"Lower secondary completion rate, male (% of relevant age group)",SE.SEC.CMPT.LO.MA.ZS,Mexico,MEX,..,73.9567794799805,77.0082702636719,79.1716079711914,80.361213684082,79.9421081542969,79.6773071289063,79.1843566894531,82.5139236450195,82.7545394897461,83.4056091308594,83.9628677368164,85.5776290893555,86.0027008056641,91.3415374755859,94.2169876098633,95.3178482055664,89.7368927001953,88.9226837158203,..
"Lower secondary completion rate, total (% of relevant age group)",SE.SEC.CMPT.LO.ZS,Mexico,MEX,..,74.8188018798828,77.867561340332,80.1359100341797,82.1101684570313,81.8242416381836,82.3012390136719,82.3714370727539,84.5326538085938,85.0816192626953,85.3558197021484,85.3772125244141,86.9340896606445,87.2672576904297,92.9643325805664,96.0155181884766,97.190299987793,91.4866561889648,90.6881332397461,..
Male primary school age children out-of-school (%),SE.LPV.PRIM.OOS.MA,Mexico,MEX,..,..,..,..,..,3.40814971923828,..,..,..,..,..,..,2.19345855712891,..,..,..,..,..,..,..
Male pupils below minimum reading proficiency at end of primary (%). Low GAML threshold,SE.LPV.PRIM.BMP.MA,Mexico,MEX,..,..,..,..,..,48.9322891235352,..,..,..,..,..,..,45.2319641113281,..,..,..,..,..,..,..
Net intake rate in grade 1 (% of official school-age population),SE.PRM.NINT.ZS,Mexico,MEX,86.77684,88.44424,88.81201,86.54458,86.72172,87.06418,86.72957,..,..,74.81697,..,..,70.91315,71.21795,72.04598,..,71.08204,..,..,..
"Net intake rate in grade 1, female (% of official school-age population)",SE.PRM.NINT.FE.ZS,Mexico,MEX,86.98262,88.80327,89.09757,86.49413,86.45399,86.89454,86.70234,..,..,74.93361,..,..,71.12791,71.56614,72.5121,..,71.48093,..,..,..
"Net intake rate in grade 1, male (% of official school-age population)",SE.PRM.NINT.MA.ZS,Mexico,MEX,86.57834,88.09822,88.53647,86.59336,86.9813,87.22897,86.75605,..,..,74.70441,..,..,70.70708,70.88447,71.60026,..,70.7012,..,..,..
Percentage of students in lower secondary vocational education who are female (%),UIS.FEP.2.V,Mexico,MEX,57.51762,59.16054,62.0581,59.82914,59.14236,58.09315,57.35355,57.15794,58.71175,58.483,58.16999,58.50931,57.13274,57.64579,59.11318,59.88258,59.09455,..,..,..
Percentage of students in post-secondary non-tertiary vocational education who are female (%),UIS.FEP.4.V,Mexico,MEX,..,..,..,..,..,..,..,..,..,..,..,..,..,..,..,..,..,..,..,..
Percentage of students in upper secondary vocational education who are female (%),UIS.FEP.3.V,Mexico,MEX,51.35379,50.75382,49.62205,49.42405,48.87649,49.01358,49.02003,48.19855,47.65236,47.07911,47.18379,46.88458,48.27467,48.23617,48.07792,48.15174,48.36333,..,..,..
"Persistence to grade 5, female (% of cohort)",SE.PRM.PRS5.FE.ZS,Mexico,MEX,91.2684326171875,93.5630569458008,93.5006103515625,94.4015426635742,95.2023391723633,95.4746627807617,94.7527923583984,96.7407608032227,96.7733383178711,97.1086807250977,97.3246307373047,96.4663772583008,97.2819290161133,97.2213516235352,94.8507919311523,98.4244232177734,96.3634796142578,98.1313018798828,..,..
"Persistence to grade 5, male (% of cohort)",SE.PRM.PRS5.MA.ZS,Mexico,MEX,89.7110290527344,92.1523666381836,91.8189163208008,93.2940673828125,93.5390930175781,93.803352355957,93.151481628418,95.2065963745117,95.1967926025391,95.8501663208008,96.1780700683594,94.8861312866211,96.1253128051758,96.5039978027344,91.6494674682617,99.7343597412109,96.4175186157227,97.5046997070313,..,..
"Primary completion rate, female (% of relevant age group)",SE.PRM.CMPT.FE.ZS,Mexico,MEX,97.3049087524414,99.1906967163086,99.0755233764648,100.954681396484,101.548400878906,101.621002197266,102.541519165039,101.707801818848,99.9387588500977,100.464401245117,100.240592956543,106.609817504883,109.926551818848,110.774291992188,105.017532348633,104.016471862793,104.32096862793,102.629280090332,103.250343322754,..
"Primary completion rate, male (% of relevant age group)",SE.PRM.CMPT.MA.ZS,Mexico,MEX,97.5608673095703,98.9050064086914,98.7944412231445,99.6509628295898,99.6275405883789,100.1787109375,101.396469116211,100.884307861328,99.7133178710938,100.020286560059,100.155639648438,105.429573059082,108.938812255859,110.251930236816,104.805809020996,103.924026489258,103.883277893066,101.897537231445,101.713859558105,..
"Primary completion rate, total (% of relevant age group)",SE.PRM.CMPT.ZS,Mexico,MEX,97.4339981079102,99.046630859375,98.9336624145508,100.295028686523,100.573638916016,100.888198852539,101.960693359375,101.29035949707,99.8245162963867,100.239387512207,100.197532653809,106.011009216309,109.42504119873,110.508842468262,104.909820556641,103.969390869141,104.097839355469,102.255889892578,102.465538024902,..
"Primary education, pupils (% female)",SE.PRM.ENRL.FE.ZS,Mexico,MEX,48.78495,48.81406,48.81512,48.8213,48.76351,48.74145,48.77751,48.798,48.83169,48.87262,48.88663,48.91364,48.89768,48.90757,48.93556,48.97359,49.03784,..,..,..
"Primary education, teachers (% female)",SE.PRM.TCHR.FE.ZS,Mexico,MEX,62.6197814941406,63.2484283447266,63.4530715942383,66.0438690185547,66.4361419677734,66.5317230224609,66.5347290039063,66.4026107788086,66.517578125,66.6491088867188,66.8611679077148,67.1352005004883,65.3844604492188,65.7213897705078,65.8195724487305,66.2445831298828,66.6072998046875,67.4076080322266,67.8967514038086,..
Progression to secondary school (%),SE.SEC.PROG.ZS,Mexico,MEX,92.74999,93.30758,94.10595,94.28875,94.33534,94.69763,94.24679,94.86564,95.30712,96.35422,96.85811,96.54607,96.77148,97.06493,96.22451,96.57231,..,..,..,..
"Progression to secondary school, female (%)",SE.SEC.PROG.FE.ZS,Mexico,MEX,91.39201,92.07787,92.8159,93.13615,93.35749,93.89219,93.78152,94.33598,94.72902,95.70571,96.29303,96.10331,96.34359,96.77,96.31618,96.36549,..,..,..,..
"Progression to secondary school, male (%)",SE.SEC.PROG.MA.ZS,Mexico,MEX,94.08076,94.52016,95.37538,95.42928,95.30264,95.48848,94.7039,95.3849,95.87122,96.98848,97.40805,96.98047,97.18998,97.35168,96.13582,96.77178,..,..,..,..
Pupils below minimum reading proficiency at end of primary (%). Low GAML threshold,SE.LPV.PRIM.BMP,Mexico,MEX,..,..,..,..,..,45.8553123474121,..,..,..,..,..,..,42.4899826049805,..,..,..,..,..,..,..
"Rate of out-of-school youth of upper secondary school age, female (%)",UIS.ROFST.3.F.CP,Mexico,MEX,..,51.14396,48.99177,47.27668,44.19442,44.12145,42.36109,41.45958,41.42246,40.36487,40.77704,38.69698,33.85698,31.85091,29.31315,26.80284,24.97235,24.3838,..,..
"Rate of out-of-school youth of upper secondary school age, male (%)",UIS.ROFST.3.M.CP,Mexico,MEX,..,50.32998,48.43612,46.53746,43.92064,44.16588,43.45825,43.56061,43.97048,42.78183,42.8156,40.22175,35.29788,32.73201,30.0385,28.11096,27.32231,27.86692,..,..
"School enrollment, preprimary (% gross)",SE.PRE.ENRR,Mexico,MEX,74.5163803100586,75.0322265625,79.9629211425781,82.8413925170898,91.1791076660156,99.4784088134766,105.684837341309,105.38362121582,102.451942443848,101.677711486816,102.80647277832,104.525550842285,70.9970169067383,71.7276306152344,72.0023193359375,72.1698913574219,73.7250671386719,72.79931640625,70.9686431884766,..
"School enrollment, preprimary, female (% gross)",SE.PRE.ENRR.FE,Mexico,MEX,75.3911285400391,75.8446426391602,80.6091003417969,83.4727478027344,91.5825881958008,99.8666763305664,106.181762695313,106.087509155273,103.267066955566,102.60466003418,103.764717102051,105.612487792969,71.843879699707,72.5808334350586,72.8638076782227,73.0958862304688,74.7539825439453,73.7824401855469,71.9601287841797,..
"School enrollment, preprimary, male (% gross)",SE.PRE.ENRR.MA,Mexico,MEX,73.6749801635742,74.2502593994141,79.3395080566406,82.2303771972656,90.7876129150391,99.1014022827148,105.202911376953,104.702850341797,101.66625213623,100.786598205566,101.885810852051,103.483428955078,70.1873092651367,70.912971496582,71.1800231933594,71.2862091064453,72.7426223754883,71.8598480224609,70.0204772949219,..
"School enrollment, primary (% gross)",SE.PRM.ENRR,Mexico,MEX,109.072189331055,109.425003051758,109.506141662598,108.999183654785,108.60083770752,108.174766540527,108.799713134766,109.424423217773,110.545280456543,110.633491516113,110.540756225586,110.413452148438,109.441482543945,108.005752563477,106.606109619141,106.277732849121,105.770011901855,105.02806854248,104.655822753906,..
"School enrollment, primary (% net)",SE.PRM.NENR,Mexico,MEX,97.91024,97.5509,97.53576,97.66046,97.87734,98.05008,98.0127,98.08626,98.23304,98.0771,97.98488,97.92299,97.57591,96.79833,96.07343,95.69118,95.30064,..,..,..
"School enrollment, primary (gross), gender parity index (GPI)",SE.ENR.PRIM.FM.ZS,Mexico,MEX,0.97936999797821,0.981790006160736,0.983139991760254,0.984279990196228,0.98198002576828,0.980080008506775,0.979709982872009,0.980300009250641,0.982599973678589,0.985939979553223,0.988479971885681,0.991169989109039,0.992240011692047,0.994470000267029,0.997529983520508,1.0010199546814,1.00490999221802,1.00621998310089,1.00910997390747,..
"School enrollment, primary and secondary (gross), gender parity index (GPI)",SE.ENR.PRSC.FM.ZS,Mexico,MEX,0.996200025081635,1.00137996673584,1.00969004631042,1.00506997108459,1.00454998016357,1.00862002372742,1.01373994350433,1.01976001262665,1.0246000289917,1.02506005764008,1.02425003051758,1.02397000789642,1.02079999446869,1.02283000946045,1.02982997894287,1.03638005256653,1.0391800403595,1.04627001285553,1.05191004276276,..
"School enrollment, primary, female (% gross)",SE.PRM.ENRR.FE,Mexico,MEX,107.919952392578,108.405326843262,108.561302185059,108.122421264648,107.598243713379,107.070419311523,107.66877746582,108.320953369141,109.561187744141,109.838417053223,109.890098571777,109.915298461914,109.007751464844,107.700401306152,106.471862792969,106.333168029785,106.034690856934,105.360710144043,105.141258239746,..
"School enrollment, primary, female (% net)",SE.PRM.NENR.FE,Mexico,MEX,..,..,..,..,..,..,..,..,..,..,..,..,..,..,..,..,..,..,..,..
"School enrollment, primary, male (% gross)",SE.PRM.ENRR.MA,Mexico,MEX,110.19287109375,110.415458679199,110.422691345215,109.848907470703,109.572547912598,109.246223449707,109.898956298828,110.497207641602,111.50106048584,111.404319763184,111.170318603516,110.894676208496,109.859748840332,108.299682617188,106.735076904297,106.224578857422,105.516571044922,104.70987701416,104.191802978516,..
"School enrollment, primary, male (% net)",SE.PRM.NENR.MA,Mexico,MEX,..,..,..,..,..,..,..,..,..,..,..,..,..,..,..,..,..,..,..,..
"School enrollment, secondary (% gross)",SE.SEC.ENRR,Mexico,MEX,73.4356689453125,76.0056076049805,79.8640289306641,81.427490234375,82.3040771484375,84.0856018066406,84.9070510864258,86.4275283813477,85.9380111694336,87.0699234008789,88.1901779174805,90.6671981811523,93.3275527954102,97.3433837890625,100.832740783691,102.40406036377,104.385032653809,105.103363037109,104.647239685059,..
"School enrollment, secondary (% net)",SE.SEC.NENR,Mexico,MEX,..,60.41548,63.26205,65.15369,66.67768,67.83849,68.93457,69.60395,69.68225,70.08479,70.65515,71.82661,75.56968,77.66257,80.02575,81.22278,81.15596,..,..,..
"School enrollment, secondary (gross), gender parity index (GPI)",SE.ENR.SECO.FM.ZS,Mexico,MEX,1.02854001522064,1.03848004341125,1.05648994445801,1.04212999343872,1.04304003715515,1.05280005931854,1.06327998638153,1.07455003261566,1.08292996883392,1.07822000980377,1.07229995727539,1.06710004806519,1.05704998970032,1.05657994747162,1.06598997116089,1.07486999034882,1.07510995864868,1.08762001991272,1.09623003005981,..
"School enrollment, secondary, female (% gross)",SE.SEC.ENRR.FE,Mexico,MEX,74.4729995727539,77.4418029785156,82.0541229248047,83.1022033691406,84.033317565918,86.2486801147461,87.5231018066406,89.558837890625,89.3971099853516,90.3881378173828,91.3068771362305,93.6471633911133,95.9470520019531,100.053466796875,104.093780517578,106.149406433105,108.219902038574,109.587608337402,109.537399291992,..
"School enrollment, secondary, female (% net)",SE.SEC.NENR.FE,Mexico,MEX,..,60.52722,63.48432,65.42137,67.17648,68.68108,70.21508,71.19059,71.4186,71.64942,72.06915,72.97666,76.69695,78.65028,81.00084,82.32134,82.50117,..,..,..
"School enrollment, secondary, male (% gross)",SE.SEC.ENRR.MA,Mexico,MEX,72.4062805175781,74.5722579956055,77.6667861938477,79.7424697875977,80.5658493041992,81.9230422973633,82.3140563964844,83.3457717895508,82.5510482788086,83.8309097290039,85.1508712768555,87.7582778930664,90.7683868408203,94.6957931518555,97.6499176025391,98.7559204101563,100.659362792969,100.758712768555,99.9217834472656,..
"School enrollment, secondary, male (% net)",SE.SEC.NENR.MA,Mexico,MEX,..,60.30395,63.03906,64.88437,66.17629,66.99611,67.66535,68.04242,67.98211,68.55751,69.27626,70.70398,74.46837,76.69764,79.07405,80.15272,79.84907,..,..,..
"School enrollment, tertiary (% gross)",SE.TER.ENRR,Mexico,MEX,21.2629203796387,22.1058502197266,22.8839702606201,23.6608104705811,24.2164001464844,24.7904300689697,25.4210605621338,26.1120300292969,26.5867290496826,27.5634708404541,28.3414993286133,29.4718399047852,30.3000392913818,31.0941390991211,31.8190402984619,38.4333801269531,40.2289581298828,41.5228004455566,42.8306999206543,..
"School enrollment, tertiary (gross), gender parity index (GPI)",SE.ENR.TERT.FM.ZS,Mexico,MEX,0.925040006637573,0.942480027675629,0.957379996776581,0.968270003795624,0.975539982318878,0.969389975070953,0.970499992370605,0.972649991512299,0.977500021457672,0.977760016918182,0.978659987449646,0.9792799949646,0.977680027484894,0.983479976654053,0.984170019626617,1.00692999362946,1.01927995681763,1.0369199514389,1.05262005329132,..
"School enrollment, tertiary, female (% gross)",SE.TER.ENRR.FE,Mexico,MEX,20.4508399963379,21.4616508483887,22.392879486084,23.285120010376,23.9217395782471,24.4129104614258,25.048189163208,25.7568893432617,26.2889995574951,27.2570095062256,28.0377197265625,29.1637496948242,29.9572906494141,30.8339500427246,31.5636196136475,38.5678291320801,40.6231689453125,42.3089981079102,43.9968490600586,..
"School enrollment, tertiary, male (% gross)",SE.TER.ENRR.MA,Mexico,MEX,22.1080093383789,22.7713603973389,23.389720916748,24.0482196807861,24.5215091705322,25.1838092803955,25.809700012207,26.4811305999756,26.8941707611084,27.8771305084229,28.6491107940674,29.7808609008789,30.6412506103516,31.3519306182861,32.0714416503906,38.3006286621094,39.8398017883301,40.7470817565918,41.6819114685059,..
"Secondary education, pupils (% female)",SE.SEC.ENRL.FE.ZS,Mexico,MEX,50.51124,50.89446,51.45495,51.18485,51.18297,51.28009,51.31241,51.39835,51.46451,51.27854,51.11628,51.02037,50.80433,50.79245,50.99047,51.14729,51.0881,..,..,..
"Secondary education, teachers (% female)",SE.SEC.TCHR.FE.ZS,Mexico,MEX,36.9651412963867,44.8192710876465,45.1513214111328,46.0433883666992,46.5566711425781,46.9189186096191,47.3112487792969,47.8557586669922,48.2688293457031,48.8352203369141,49.2570686340332,49.6212615966797,49.3345909118652,49.4366493225098,49.4416618347168,49.9968681335449,50.389289855957,50.7068786621094,..,..
"Secondary education, vocational pupils",SE.SEC.ENRL.VO,Mexico,MEX,1413243,1448550,1592014,1539602,1484187,1601862,1675606,1855497,1763509,1870448,1885464,2019131,3425040,3519745,3667719,3784089,3754609,..,..,..
"Secondary education, vocational pupils (% female)",SE.SEC.ENRL.VO.FE.ZS,Mexico,MEX,55.94077,57.09302,59.25243,57.39665,56.63269,56.0685,55.60036,55.42628,56.41043,56.20958,55.97879,56.3016,52.61918,52.87227,53.57774,54.02772,53.58518,..,..,..
Share of all students in lower secondary education enrolled in vocational programmes (%),UIS.GTVP.2.V,Mexico,MEX,16.42935,16.61923,17.88566,16.94909,15.98169,17.22788,17.92974,19.65941,18.49478,19.63551,19.73368,20.9549,20.93652,20.866,21.10776,21.68612,21.3676,23.10457,..,..
Share of all students in post-secondary non-tertiary education enrolled in vocational programmes (%),UIS.GTVP.4.V,Mexico,MEX,..,..,..,..,..,..,..,..,..,..,..,..,..,..,..,..,..,..,..,..
Share of all students in upper secondary education enrolled in vocational programmes (%),UIS.GTVP.3.V,Mexico,MEX,12.23165,11.41656,10.89959,10.4516,10.22668,9.76286,9.41802,9.36353,9.35221,9.19629,8.98036,8.84862,39.27279,38.13428,38.22387,37.88581,35.14832,34.5668,..,..
Share of female students in lower secondary education enrolled in vocational programmes (%),UIS.GTVP.2.V.F,Mexico,MEX,18.72095,19.31738,21.47478,19.78031,18.46793,19.55966,20.09413,21.91688,21.13517,22.33597,22.39812,23.88326,23.40919,23.49012,24.20698,25.11357,24.52524,..,..,..
Share of female students in post-secondary non-tertiary education enrolled in vocational programmes (%),UIS.GTVP.4.V.F,Mexico,MEX,..,..,..,..,..,..,..,..,..,..,..,..,..,..,..,..,..,..,..,..
Share of female students in upper secondary education enrolled in vocational programmes (%),UIS.GTVP.3.V.F,Mexico,MEX,12.41745,11.38636,10.61109,10.12434,9.76483,9.29112,8.95031,8.73742,8.63121,8.4848,8.32934,8.2228,37.71079,36.7462,36.75973,36.36841,33.6828,..,..,..
Share of male students in lower secondary education enrolled in vocational programmes (%),UIS.GTVP.2.V.M,Mexico,MEX,14.09361,13.82247,14.04601,13.97083,13.37522,14.78459,15.6611,17.28421,15.70485,16.77806,16.93259,17.86583,18.35283,18.11215,17.81092,18.01595,18.01651,..,..,..
Share of male students in post-secondary non-tertiary education enrolled in vocational programmes (%),UIS.GTVP.4.V.M,Mexico,MEX,..,..,..,..,..,..,..,..,..,..,..,..,..,..,..,..,..,..,..,..
Share of male students in secondary education enrolled in vocational programmes (%),SE.SEC.ENRL.MA.VO.ZS,Mexico,MEX,13.44633,13.05791,13.11616,12.91527,12.48058,13.27174,13.7385,14.86991,13.80238,14.39146,14.34483,14.83962,26.45877,25.94393,25.78522,25.94428,25.38682,..,..,..
Share of male students in upper secondary education enrolled in vocational programmes (%),UIS.GTVP.3.V.M,Mexico,MEX,12.04144,11.44786,11.19951,10.79251,10.71102,10.26382,9.91628,10.03243,10.12189,9.93763,9.65448,9.48589,40.85201,39.5256,39.68759,39.41301,36.64152,..,..,..
"Tertiary education, academic staff (% female)",SE.TER.TCHR.FE.ZS,Mexico,MEX,..,..,..,..,..,..,..,..,..,..,..,..,..,..,..,..,..,..,..,..
"Vocational and Technical enrolment (% of total secondary enrolment), female",SE.SEC.ENRL.FE.VO.ZS,Mexico,MEX,16.72684,16.76443,17.99406,16.59432,15.54481,16.09268,16.32426,17.48424,16.84544,17.55176,17.44464,18.35481,28.45361,28.19809,28.60359,29.12247,28.06022,..,..,..
"Vocational and Technical enrolment (% of total secondary enrolment), total",SE.SEC.ENRL.VO.ZS,Mexico,MEX,15.1033601760864,14.9443302154541,15.6260795593262,14.7983798980713,14.048939704895,14.7183198928833,15.0653200149536,16.2136306762695,15.3684797286987,16.0120105743408,15.9293403625488,16.6330795288086,27.472240447998,27.0888805389404,27.2223205566406,27.5698394775391,26.7526092529297,27.6705093383789,28.0755290985107,..
"Youth illiterate population, 15-24 years, % female",UIS.LPP.AG15T24,Mexico,MEX,..,57.73265,..,49.95212,51.10553,55.75022,51.80646,51.33846,55.23099,48.32319,48.60122,43.08962,48.56058,45.8562,46.37449,44.52565,47.11086,44.42251,..,..
"Youth illiterate population, 15-24 years, both sexes (number)",UIS.LP.AG15T24,Mexico,MEX,..,472088,..,482989,470589,423389,375455,333956,308690,331602,329367,243071,312355,218651,232037,194917,193471,150913,..,..
"Youth illiterate population, 15-24 years, female (number)",UIS.LP.AG15T24.F,Mexico,MEX,..,272549,..,241263,240497,236040,194510,171448,170493,160241,160077,104739,151681,100265,107606,86788,91146,67039,..,..
"Youth illiterate population, 15-24 years, male (number)",UIS.LP.AG15T24.M,Mexico,MEX,..,199539,..,241726,230092,187349,180945,162508,138198,171361,169291,138333,160673,118386,124431,108129,102325,83874,..,..
,,,,,,,,,,,,,,,,,,,,,,,
,,,,,,,,,,,,,,,,,,,,,,,
,,,,,,,,,,,,,,,,,,,,,,,
Data from database: Gender Statistics,,,,,,,,,,,,,,,,,,,,,,,
Last Updated: 12/18/2021,,,,,,,,,,,,,,,,,,,,,,,
